[
    {
        "model": "products.specification",
        "pk": 1,
        "fields": {
            "name": "Диагональ экрана (дюйм)",
            "value": "6.73\""
        }
    },
    {
        "model": "products.specification",
        "pk": 2,
        "fields": {
            "name": "Разрешение экрана",
            "value": "3200x1440"
        }
    },
    {
        "model": "products.specification",
        "pk": 3,
        "fields": {
            "name": "Операционная система",
            "value": "Android"
        }
    },
    {
        "model": "products.specification",
        "pk": 4,
        "fields": {
            "name": "Количество ядер",
            "value": "8"
        }
    },
    {
        "model": "products.specification",
        "pk": 5,
        "fields": {
            "name": "Диагональ экрана (дюйм)",
            "value": "6.67\""
        }
    },
    {
        "model": "products.specification",
        "pk": 6,
        "fields": {
            "name": "Разрешение экрана",
            "value": "2700x1220"
        }
    },
    {
        "model": "products.specification",
        "pk": 7,
        "fields": {
            "name": "Диагональ экрана (дюйм)",
            "value": "6.8\""
        }
    },
    {
        "model": "products.specification",
        "pk": 8,
        "fields": {
            "name": "Разрешение экрана",
            "value": "3088x1440"
        }
    },
    {
        "model": "products.specification",
        "pk": 9,
        "fields": {
            "name": "Диагональ экрана (дюйм)",
            "value": "5.9\""
        }
    },
    {
        "model": "products.specification",
        "pk": 10,
        "fields": {
            "name": "Разрешение экрана",
            "value": "2400x1080"
        }
    },
    {
        "model": "products.specification",
        "pk": 11,
        "fields": {
            "name": "Диагональ (дюйм)",
            "value": "1.9\""
        }
    },
    {
        "model": "products.specification",
        "pk": 12,
        "fields": {
            "name": "Разрешение",
            "value": "502x410"
        }
    },
    {
        "model": "products.specification",
        "pk": 13,
        "fields": {
            "name": "Размер корпуса / ширина крепления",
            "value": "49 мм"
        }
    },
    {
        "model": "products.specification",
        "pk": 14,
        "fields": {
            "name": "Диагональ (дюйм)",
            "value": "1.5\""
        }
    },
    {
        "model": "products.specification",
        "pk": 15,
        "fields": {
            "name": "Разрешение",
            "value": "480x480"
        }
    },
    {
        "model": "products.specification",
        "pk": 16,
        "fields": {
            "name": "Размер корпуса / ширина крепления",
            "value": "47 мм"
        }
    },
     {
        "model": "products.specification",
        "pk": 17,
        "fields": {
            "name": "Диагональ (дюйм)",
            "value": "1.64\""
        }
    },
    {
        "model": "products.specification",
        "pk": 18,
        "fields": {
            "name": "Разрешение",
            "value": "456x280"
        }
    },
    {
        "model": "products.specification",
        "pk": 19,
        "fields": {
            "name": "Размер корпуса / ширина крепления",
            "value": "48 мм"
        }
    },
    {
        "model": "products.specification",
        "pk": 20,
        "fields": {
            "name": "Разрешение экрана",
            "value": "4K UltraHD, 3840x2160"
        }
    },
     {
        "model": "products.specification",
        "pk": 21,
        "fields": {
            "name": "Питание",
            "value": "100-240 В ～ 50/60 Гц"
        }
    },
     {
        "model": "products.specification",
        "pk": 22,
        "fields": {
            "name": "Мощность звука",
            "value": "40 Вт"
        }
    },
    {
        "model": "products.specification",
        "pk": 23,
        "fields": {
            "name": "Разрешение экрана",
            "value": "HD, 1366x768"
        }
    },
     {
        "model": "products.specification",
        "pk": 24,
        "fields": {
            "name": "Питание",
            "value": "00-240 В ～ 50/60 Гц"
        }
    },
     {
        "model": "products.specification",
        "pk": 25,
        "fields": {
            "name": "Мощность звука",
            "value": "10 Вт"
        }
    },
    {
        "model": "products.specification",
        "pk": 26,
        "fields": {
            "name": "Разрешение экрана",
            "value": "4K UltraHD, 3840x2160"
        }
    },
     {
        "model": "products.specification",
        "pk": 27,
        "fields": {
            "name": "Питание",
            "value": "220-240 В ～ 50 Гц"
        }
    },
     {
        "model": "products.specification",
        "pk": 28,
        "fields": {
            "name": "Мощность звука",
            "value": "20 Вт"
        }
    },
    {
        "model": "products.specification",
        "pk": 29,
        "fields": {
            "name": "Параметры питания",
            "value": "110-240 В/50-60 Гц"
        }
    },
     {
        "model": "products.specification",
        "pk": 30,
        "fields": {
            "name": "Формат сжатия видео",
            "value": "H.264, MPEG4"
        }
    },
    {
        "model": "products.specification",
        "pk": 31,
        "fields": {
            "name": "Параметры питания",
            "value": "90-240 В/50 Гц"
        }
    },
     {
        "model": "products.specification",
        "pk": 32,
        "fields": {
            "name": "Формат сжатия видео",
            "value": "H.264, MPEG2, MPEG4"
        }
    },
    {
        "model": "products.tag",
        "pk": 1,
        "fields": {
            "name": "С беспроводной зарядкой"
        }
    },
    {
        "model": "products.tag",
        "pk": 2,
        "fields": {
            "name": "Водонепроницаемые"
        }
    },
    {
        "model": "products.tag",
        "pk": 3,
        "fields": {
            "name": "Со стилусом"
        }
    },
    {
        "model": "products.tag",
        "pk": 4,
        "fields": {
            "name": "Слот для карты памяти"
        }
    },
    {
        "model": "products.tag",
        "pk": 5,
        "fields": {
            "name": "Круглые"
        }
    },
    {
        "model": "products.tag",
        "pk": 6,
        "fields": {
            "name": "Квадратные"
        }
    },
    {
        "model": "products.tag",
        "pk": 7,
        "fields": {
            "name": "С измерением давления"
        }
    },
    {
        "model": "products.tag",
        "pk": 8,
        "fields": {
            "name": "С голосовым управлением"
        }
    },
    {
        "model": "products.tag",
        "pk": 9,
        "fields": {
            "name": "Wi-Fi"
        }
    },
     {
        "model": "products.tag",
        "pk": 10,
        "fields": {
            "name": "Со сквозным антенным входом"
        }
    },
    {
        "model": "products.product",
        "pk": 1,
        "fields": {
            "title": "Смартфон Xiaomi 13 Pro 512 ГБ зеленый",
            "description": "6.73\" Смартфон Xiaomi 13 Pro 512 ГБ зеленый [ядер - 8x(3.2 ГГц), 12 ГБ, 2 SIM, AMOLED, 3200x1440, камера 50+50+50 Мп, NFC, 5G, GPS, 4820 мА*ч]",
            "fullDescription": "Смартфон Xiaomi 13 Pro 512 ГБ выполнен в прочном корпусе из металла и стекла с зеленой тыловой панелью. Класс защиты IP68 гарантирует устойчивость к воздействию влаги и пыли. Быстродействие даже в многозадачном режиме обеспечивается процессором Qualcomm Snapdragon 8 Gen 2 и 12 ГБ оперативной памяти. Экран 6.73\" с матрицей AMOLED и разрешением 3200x1440 пикселей отображает детализированную картинку. Частота 120 Гц гарантирует плавный отклик.\nОсновная камера от Leica оснащена профессиональным сенсором 1'' 50 Мп, плавающим телеобъективом 75 мм с разрешением 50 Мп и сверхширокоугольным объективом 50 Мп, которые позволяют создавать естественные изображения в формате RAW/DNG и четкие видео. На передней стороне установлена селфи-камера 32 Мп с эффектом размытия заднего фона. Аккумулятор емкостью 4820 мА*ч обеспечивает до 19 часов работы смартфона Xiaomi 13 Pro при просмотре видео. Технология ускоренной зарядки с мощностью 100 Вт позволяет восстанавливать энергоресурс до 100% за 19 минут.",
            "price": "1214.58",
            "count": 10,
            "date": "2023-11-04T19:13:02.129Z",
            "freeDelivery": false,
            "limited": true,
            "rating": "4.5",
            "active": true,
            "category": 2,
            "tags": [1, 2],
            "specifications": [1, 2, 3, 4]
        }
    },
    {
        "model": "products.product",
        "pk": 2,
        "fields": {
            "title": "Cмартфон HUAWEI P60 Pro 512 ГБ черный",
            "description": "6.67\" Смартфон HUAWEI P60 Pro 512 ГБ черный [ядер - 8x(3.2 ГГц), 12 ГБ, 2 SIM, OLED, 2700x1220, камера 48+48+13 Мп, NFC, 4G, GPS, 4815 мА*ч]",
            "fullDescription": "Смартфон HUAWEI P60 Pro 512 ГБ оснащен изогнутым экраном 6.67 дюйма с панелью OLED. Он погружает в реалистичное изображение с натуральными оттенками и высокой детализацией. Устройство выполнено в стеклянном корпусе, защищенном от воздействия пыли и влаги по стандарту IP68. Процессор Snapdragon 8+ Gen 1 работает совместно с 12 ГБ ОЗУ для достижения мощного вычислительного потенциала.\nОсновная камера 48+48+13 Мп с контрастной автофокусировкой, оптической стабилизацией и вспышкой способна делать реалистичные снимки. На передней стороне установлена камера 13 Мп с разными режимами для создания селфи – панорама, портрет, распознавание улыбки. Сканер отпечатков пальцев в экране исключает доступ к системе посторонним пользователям. HUAWEI P60 Pro оборудован аккумулятором 4815 мА*ч с технологией беспроводной зарядки.",
            "price": "859.88",
            "count": 20,
            "date": "2023-11-04T19:13:02.129Z",
            "freeDelivery": false,
            "limited": false,
            "rating": "4.6",
            "active": true,
            "category": 2,
            "tags": [1, 2, 4],
            "specifications": [5, 6, 3, 4]
        }
    },
    {
        "model": "products.product",
        "pk": 3,
        "fields": {
            "title": "Смартфон Samsung Galaxy S23 Ultra 256 ГБ Розовый",
            "description": "6.8\" Смартфон Samsung Galaxy S23 Ultra 256 ГБ розовый [ядер - 8x(3.2 ГГц), 8 ГБ, 2 SIM, Dynamic AMOLED 2X, 3088x1440, камера 200+12+10+10 Мп, NFC, 5G, GPS, 5000 мА*ч]",
            "fullDescription": "Смартфон Samsung Galaxy S23 Ultra розового цвета имеет высокопрочный и удобный корпус. Модель изготовлена из экологичных переработанных материалов, устойчива к воздействию влаги и пыли, поэтому надолго сохраняет первоначальный вид. Мощный процессор обеспечивает высокую скорость и подходит для комфортной работы или игр, создавая преимущество и удобство во время прохождения уровней. В комплектации предусмотрено перо S Pen, которым можно писать на экране как обычной ручкой. С его помощью можно создавать тексты, оформлять презентации или корректировать изображения.\nСмартфон Samsung Galaxy S23 Ultra оснащен камерой профессионального уровня, которая подходит для съемки в разное время суток. Интеллектуальная система улучшает глубину, яркость и четкость картины, убирая посторонние шумы и искажения. Камера 200+12+10+10 Мп имеет оптическую стабилизацию, фокусировку и другие настройки, что улучшает конечный результат. Мощный аккумулятор 45 Вт поддерживает беспроводную и реверсивную зарядку.",
            "price": "1074.85",
            "count": 25,
            "date": "2023-11-04T19:13:02.129Z",
            "freeDelivery": false,
            "limited": false,
            "rating": "4.4",
            "active": true,
            "category": 2,
            "tags": [1, 2, 3],
            "specifications": [7, 8, 3, 4]
        }
    },
    {
        "model": "products.product",
        "pk": 4,
        "fields": {
            "title": "Смартфон ASUS Zenfone 10 256 ГБ белый",
            "description": "5.9\" Смартфон ASUS Zenfone 10 256 ГБ белый [ядер - 8x(3.2 ГГц), 8 ГБ, 2 SIM, AMOLED, 2400x1080, камера 50+13 Мп, NFC, 5G, GPS, 4300 мА*ч]",
            "fullDescription": "ASUS Zenfone 10 - это довольно компактная флагманская модель с 5,9-дюймовым AMOLED-дисплеем и чипом Snapdragon 8 Gen 2.\nОсновные характеристики экрана — разрешение Full HD+, кадровая частота 144 Гц, пиковая яркость 1100 нит, защитное стекло Gorilla Glass Victus. Основная камера двойная, с главным датчиком Sony IMX766 на 50 Мп и шириком на 13 Мп с 6-осевым стабилизатором второго поколения с адаптивной стабилизацией, которая полезна при съемке видео. Фронтальная камера на 32 Мп.\nСмартфон оснащен 8 ГБ ОЗУ и накопителем на 256 ГБ. Батарея на 4300 мА*ч поддерживает быструю проводную 30-ваттную зарядку и беспроводную — 15-ваттную. Есть защита IP68, 3,5-мм джек для наушников и стереодинамики.",
            "price": "1096.35",
            "count": 15,
            "date": "2023-11-04T19:13:02.129Z",
            "freeDelivery": false,
            "limited": false,
            "rating": "4.0",
            "active": true,
            "category": 2,
            "tags": [1, 2],
            "specifications": [9, 10, 3, 4]
        }
    },
    {
        "model": "products.product",
        "pk": 5,
        "fields": {
            "title": "Смарт-часы Apple Watch Ultra 2 49mm",
            "description": "Смарт-часы Apple Watch Ultra 2 49mm [корпус - серый, ремешок - серый, 1.9\", OLED, 502x410, IP6X, Bluetooth, NFC, Wi-Fi, для iOS 16 и выше]",
            "fullDescription": "Самые надежные и функциональные Apple Watch снова расширяют границы возможностей. Мощный чип S9 SiP. Волшебный способ использовать часы, не прикасаясь к экрану. Самый яркий дисплей Apple за всю историю. Apple Watch Ultra 2 — незаменимый и универсальный инструмент, который помещается на вашем запястье. Он сочетает невероятные возможности в удивительно компактном пространстве.\nApple Watch Ultra 2 созданы для непревзойденной производительности. Легкий титановый корпус прочен и устойчив к коррозии, а приподнятый корпус защищает сапфировое стекло от ударов по краям.\nДисплей Always-On Retina имеет пиковую яркость 3000 нит, что делает его еще более читаемым при ярком солнечном свете. В условиях низкой освещенности яркость снижается до 1 нит. Ночной режим теперь активируется автоматически в темноте.\nБыстро и легко взаимодействуйте с Apple Watch Ultra 2, не прикасаясь к дисплею. Дважды коснитесь указательного и большого пальца, чтобы отвечать на вызовы, приостанавливать и возобновлять таймеры и выполнять другие действия. Это делает повседневные действия еще проще, особенно в сложных ситуациях, когда у вас нет лишних рук.",
            "price": "1182.34",
            "count": 9,
            "date": "2023-11-04T19:13:02.129Z",
            "freeDelivery": false,
            "limited": true,
            "rating": "5.0",
            "active": true,
            "category": 3,
            "tags": [6],
            "specifications": [11, 12, 13]
        }
    },
    {
        "model": "products.product",
        "pk": 6,
        "fields": {
            "title": "Смарт-часы Samsung Galaxy Watch6 Classic 47mm",
            "description": "Смарт-часы Samsung Galaxy Watch6 Classic 47mm [корпус - серебристый, ремешок - серебристый, 1.5\", Super AMOLED, 480x480, IP68, Bluetooth, NFC, Wi-Fi, для Android 8.0 и выше]",
            "fullDescription": "Смарт-часы Samsung Galaxy Watch6 Classic 47mm понравятся даже самым экстремальным пользователям. Сапфировое стекло Sapphire Crystal Glass не повредится при механических воздействиях, также ему не страшны дождь и ультрафиолет. Увеличенный экран обладает диагональю 1.5 дюйма (4.7 см). Он изготовлен по технологии Super AMOLED. Данные транслируются крупными цифрами.\nУстройство способно анализировать качество сна, состав тела (соотношение мышц и жира), артериальное давление и работу сердца. Также с Samsung Galaxy Watch6 Classic 47mm вы сможете контролировать эффективность тренировок и выбирать оптимальные варианты активности. Устройство интегрируется со смартфоном, чтобы передавать пользователю расширенные данные о его здоровье.",
            "price": "397.69",
            "count": 17,
            "date": "2023-11-04T19:13:02.129Z",
            "freeDelivery": false,
            "limited": false,
            "rating": "4.7",
            "active": true,
            "category": 3,
            "tags": [5, 7],
            "specifications": [14, 15, 16]
        }
    },
    {
        "model": "products.product",
        "pk": 7,
        "fields": {
            "title": "Смарт-часы HUAWEI WATCH D",
            "description": "Смарт-часы HUAWEI WATCH D [корпус - черный, ремешок - черный, 1.64\", AMOLED, 456x280, IP68, Bluetooth, Wi-Fi, для Android 6.0 и выше, iOS 12 и выше]",
            "fullDescription": "Смарт-часы HUAWEI WATCH D с лаконичным черным дизайном и широким ремешком удобно облегают запястье, не мешают во время тренировок, прогулок и сна. Уведомления и напоминания легко читаются на квадратном сенсорном дисплее с диагональю 1.64”. Набор точных датчиков помогает устройству измерять температуру тела, АД и уровень кислорода, проводить ЭКГ и контролировать длительность/качество сна.\nHUAWEI WATCH D дополнены будильником и прогнозом погоды, поддержкой 70 типов тренировок. Смарт-часы легко синхронизируются со смартфоном по Wi-Fi или Bluetooth, после чего вы можете получать уведомления и управлять музыкальным плеером. Емкости аккумулятора Li-Ion хватает на 7 дней активной работы без подзарядки.",
            "price": "343.95",
            "count": 18,
            "date": "2023-11-04T19:13:02.129Z",
            "freeDelivery": false,
            "limited": false,
            "rating": "4.5",
            "active": true,
            "category": 3,
            "tags": [6, 7],
            "specifications": [17, 18, 19]
        }
    },
    {
        "model": "products.product",
        "pk": 8,
        "fields": {
            "title": "Телевизор OLED Samsung QE65S90CAUXRU серебристый",
            "description": "65\" (163 см) Телевизор OLED Samsung QE65S90CAUXRU серебристый [4K UltraHD, 3840x2160, DLNA, Wi-Fi, 144 Гц, Tizen, HDMI х 4, USB х 2 шт]",
            "fullDescription": "Телевизор OLED Samsung QE65S90CAUXRU с экраном 65 дюймов стандарта 4K позволяет погрузиться в просмотр любимых фильмов, телепередач и прочего мультимедийного контента.",
            "price": "2149.72",
            "count": 4,
            "date": "2023-11-04T19:13:02.129Z",
            "freeDelivery": true,
            "limited": true,
            "rating": "5.0",
            "active": true,
            "category": 5,
            "tags": [8, 9],
            "specifications": [20, 21, 22]
        }
    },
    {
        "model": "products.product",
        "pk": 9,
        "fields": {
            "title": "Телевизор LED LG 32LM550BPLB черный",
            "description": "32\" (80 см) Телевизор LED LG 32LM550BPLB черный [HD, 1366x768, DLNA, 50 Гц, HDMI х 2, USB х 1 шт]",
            "fullDescription": "Телевизор LED LG 32LM550BPLB с экраном 32 дюйма стандарта HD обеспечивает комфортные условия для просмотра телевизионных каналов. Благодаря панели IPS обеспечиваются высокая контрастность и широкие углы обзора в 178 градусов. Технология динамического усиления цвета Dynamic Color обеспечивает яркие и насыщенные оттенки.\nАкустическая система 10 Вт с технологией Virtual Surround гарантирует формирование насыщенного чистого звука. Для подключения дополнительных устройств предусмотрены порт USB, 2 видеовыхода HDMI, аудиоразъемы и антенные входы. LG 32LM550BPLB оборудован подставкой в виде двух опор и предусматривает настенный монтаж.",
            "price": "198.84",
            "count": 20,
            "date": "2023-11-04T19:13:02.129Z",
            "freeDelivery": false,
            "limited": false,
            "rating": "4.3",
            "active": true,
            "category": 5,
            "tags": [9],
            "specifications": [23, 24, 25]
        }
    },
    {
        "model": "products.product",
        "pk": 10,
        "fields": {
            "title": "Телевизор LED Sony KD43X81KPAEP черный",
            "description": "43\" (108 см) Телевизор LED Sony KD43X81KPAEP черный [4K UltraHD, 3840x2160, DLNA, Wi-Fi, 50 Гц, Google TV, HDMI х 4, USB х 2 шт]",
            "fullDescription": "Телевизор LED Sony KD43X81KPAEP – функциональная модель с 5 цифровыми тюнерами и поддержкой Smart TV. Google TV обеспечивает удобный доступ в меню настроек и приложений, облегчает поиск нужной информации с помощью голосовых команд и ассистента. Мощный процессор X1 с 16 ГБ памяти гарантирует отсутствие зависаний. 43-дюймовый экран радует кристально чистым изображением 4K благодаря поддержке HDR и 4K X-Reality. Технология Triluminos Pro позволяет наслаждаться реалистичными цветами, удивительной детализацией и глубокими оттенками черного.\nSony KD43X81KPAEP оснащен динамиками на 20 Вт с технологией Room Compensation, что гарантирует чистый и объемный стереозвук, не хуже профессиональной акустики. Модель позволяет подключать 4 приставки по HDMI и 2 USB-накопителя. На корпусе есть набор интерфейсов для работы с ПК и другими устройствами. Вы можете транслировать на большой экран мобильный контент без использования проводов с помощью функции AirPlay.",
            "price": "1015.73",
            "count": 14,
            "date": "2023-11-04T19:13:02.129Z",
            "freeDelivery": false,
            "limited": false,
            "rating": "4.8",
            "active": true,
            "category": 5,
            "tags": [8, 9],
            "specifications": [26, 27, 28]
        }
    },
    {
        "model": "products.product",
        "pk": 11,
        "fields": {
            "title": "Приставка для цифрового ТВ Cadena CDT-100 черный",
            "description": "Приставка для цифрового ТВ Cadena CDT-100 черный [DVB-T, DVB-T2, HDMI, USB, TimeShift]",
            "fullDescription": "Приставка для цифрового ТВ Cadena CDT-100 поддерживает стандарты DVB-T и DVB-T2, предоставляя доступ к цифровому эфирному ТВ. Устройство может быть полезно городским и сельским жителям. Приставку можно использовать и на даче. Модель оснащена USB-портом, используемым для обновления программного обеспечения. Благодаря поддержке интерфейсов HDMI и AV приставка совместима с любыми телевизорами. Изображение может выводиться в форматах 4:3 и 16:9.\nПриставка Cadena CDT-100 подключается к сети с помощью компактного внешнего адаптера. В комплекте есть пульт дистанционного управления, батарейки AAA и кабель AV. Кабель HDMI при необходимости приобретается дополнительно. Приставка собрана в миниатюрном черном корпусе, имеющем размеры 87x60x25 мм.",
            "price": "12.89",
            "count": 10,
            "date": "2023-11-04T19:13:02.129Z",
            "freeDelivery": false,
            "limited": false,
            "rating": "4.1",
            "active": true,
            "category": 6,
            "tags": [10],
            "specifications": [29, 30]
        }
    },
    {
        "model": "products.product",
        "pk": 12,
        "fields": {
            "title": "Приставка для цифрового ТВ Lumax DV3210HD черный",
            "description": "Приставка для цифрового ТВ Lumax DV3210HD черный [DVB-C, DVB-T, DVB-T2, HDMI, USB, SPDIF, TimeShift, Wi-Fi (требуется адаптер)]",
            "fullDescription": "Имеющая поддержку стандартов DVB-C, DVB-T и DVB-T2 приставка для цифрового ТВ Lumax DV3210HD может быть полезна в любом доме. Вы сможете организовать прием сигналов каналов цифрового эфирного телевидения. Функциональность модели расширена благодаря наличию поддержки онлайн-сервисов.\nПриставка для цифрового ТВ Lumax DV3210HD проста в управлении. На передней панели устройства размещены 7 кнопок. Есть и возможность использования пульта дистанционного управления. Можно осуществлять как воспроизведение с внешних носителей, так и запись. Поддерживается функция отложенного просмотра. Дополнительную информацию можно получить посредством телетекста. Стоит отметить и наличие электронного телегида.\nКорпус приставки – металлический. Подключение к сети организуется с помощью внешнего адаптера, который есть в комплекте. Помимо пульта ДУ и адаптера питания, в комплектацию приставки входят AV кабель, батарейки и документация.",
            "price": "34.38",
            "count": 11,
            "date": "2023-11-04T19:13:02.129Z",
            "freeDelivery": false,
            "limited": false,
            "rating": "4.9",
            "active": true,
            "category": 6,
            "tags": [9],
            "specifications": [31, 32]
        }
    },
    {
        "model": "products.productimage",
        "pk": 1,
        "fields": {
            "name": "img1",
            "product": 1,
            "image": "products/images/1/1.jpg.webp"
        }
    },
    {
        "model": "products.productimage",
        "pk": 2,
        "fields": {
            "name": "img2",
            "product": 1,
            "image": "products/images/1/2.jpg.webp"
        }
    },
    {
        "model": "products.productimage",
        "pk": 3,
        "fields": {
            "name": "img3",
            "product": 1,
            "image": "products/images/1/3.jpg.webp"
        }
    },
    {
        "model": "products.productimage",
        "pk": 4,
        "fields": {
            "name": "img4",
            "product": 1,
            "image": "products/images/1/4.jpg.webp"
        }
    },
    {
        "model": "products.productimage",
        "pk": 5,
        "fields": {
            "name": "img1",
            "product": 2,
            "image": "products/images/2/1.jpg.webp"
        }
    },
    {
        "model": "products.productimage",
        "pk": 6,
        "fields": {
            "name": "img2",
            "product": 2,
            "image": "products/images/2/2.jpg.webp"
        }
    },
    {
        "model": "products.productimage",
        "pk": 7,
        "fields": {
            "name": "img3",
            "product": 2,
            "image": "products/images/2/3.jpg.webp"
        }
    },
    {
        "model": "products.productimage",
        "pk": 8,
        "fields": {
            "name": "img4",
            "product": 2,
            "image": "products/images/2/4.jpg.webp"
        }
    },
    {
        "model": "products.productimage",
        "pk": 9,
        "fields": {
            "name": "img1",
            "product": 3,
            "image": "products/images/3/1.jpg.webp"
        }
    },
    {
        "model": "products.productimage",
        "pk": 10,
        "fields": {
            "name": "img2",
            "product": 3,
            "image": "products/images/3/2.jpg.webp"
        }
    },
    {
        "model": "products.productimage",
        "pk": 11,
        "fields": {
            "name": "img3",
            "product": 3,
            "image": "products/images/3/3.jpg.webp"
        }
    },
    {
        "model": "products.productimage",
        "pk": 12,
        "fields": {
            "name": "img4",
            "product": 3,
            "image": "products/images/3/4.jpg.webp"
        }
    },
    {
        "model": "products.productimage",
        "pk": 13,
        "fields": {
            "name": "img1",
            "product": 4,
            "image": "products/images/4/1.jpg.webp"
        }
    },
    {
        "model": "products.productimage",
        "pk": 14,
        "fields": {
            "name": "img2",
            "product": 4,
            "image": "products/images/4/2.jpg.webp"
        }
    },
    {
        "model": "products.productimage",
        "pk": 15,
        "fields": {
            "name": "img3",
            "product": 4,
            "image": "products/images/4/3.jpg.webp"
        }
    },
    {
        "model": "products.productimage",
        "pk": 16,
        "fields": {
            "name": "img4",
            "product": 4,
            "image": "products/images/4/4.jpg.webp"
        }
    },
    {
        "model": "products.productimage",
        "pk": 17,
        "fields": {
            "name": "img1",
            "product": 5,
            "image": "products/images/5/1.jpg.webp"
        }
    },
    {
        "model": "products.productimage",
        "pk": 18,
        "fields": {
            "name": "img2",
            "product": 5,
            "image": "products/images/5/2.jpg.webp"
        }
    },
    {
        "model": "products.productimage",
        "pk": 19,
        "fields": {
            "name": "img1",
            "product": 6,
            "image": "products/images/6/1.jpg.webp"
        }
    },
    {
        "model": "products.productimage",
        "pk": 20,
        "fields": {
            "name": "img2",
            "product": 6,
            "image": "products/images/6/2.jpg.webp"
        }
    },
    {
        "model": "products.productimage",
        "pk": 21,
        "fields": {
            "name": "img1",
            "product": 7,
            "image": "products/images/7/1.jpg.webp"
        }
    },
    {
        "model": "products.productimage",
        "pk": 22,
        "fields": {
            "name": "img2",
            "product": 7,
            "image": "products/images/7/2.jpg.webp"
        }
    },
    {
        "model": "products.productimage",
        "pk": 23,
        "fields": {
            "name": "img1",
            "product": 8,
            "image": "products/images/8/1.jpg.webp"
        }
    },
    {
        "model": "products.productimage",
        "pk": 24,
        "fields": {
            "name": "img2",
            "product": 8,
            "image": "products/images/8/2.jpg.webp"
        }
    },
    {
        "model": "products.productimage",
        "pk": 25,
        "fields": {
            "name": "img3",
            "product": 8,
            "image": "products/images/8/3.jpg.webp"
        }
    },
    {
        "model": "products.productimage",
        "pk": 25,
        "fields": {
            "name": "img1",
            "product": 9,
            "image": "products/images/9/1.jpg.webp"
        }
    },
    {
        "model": "products.productimage",
        "pk": 26,
        "fields": {
            "name": "img2",
            "product": 9,
            "image": "products/images/9/2.jpg.webp"
        }
    },
    {
        "model": "products.productimage",
        "pk": 27,
        "fields": {
            "name": "img3",
            "product": 9,
            "image": "products/images/9/3.jpg.webp"
        }
    },
     {
        "model": "products.productimage",
        "pk": 28,
        "fields": {
            "name": "img1",
            "product": 10,
            "image": "products/images/10/1.jpg.webp"
        }
    },
    {
        "model": "products.productimage",
        "pk": 29,
        "fields": {
            "name": "img2",
            "product": 10,
            "image": "products/images/10/2.jpg.webp"
        }
    },
    {
        "model": "products.productimage",
        "pk": 30,
        "fields": {
            "name": "img3",
            "product": 10,
            "image": "products/images/10/3.jpg.webp"
        }
    },
    {
        "model": "products.productimage",
        "pk": 31,
        "fields": {
            "name": "img1",
            "product": 11,
            "image": "products/images/11/1.jpg.webp"
        }
    },
    {
        "model": "products.productimage",
        "pk": 32,
        "fields": {
            "name": "img2",
            "product": 11,
            "image": "products/images/11/2.jpg.webp"
        }
    },
    {
        "model": "products.productimage",
        "pk": 33,
        "fields": {
            "name": "img1",
            "product": 12,
            "image": "products/images/12/1.jpg.webp"
        }
    },
    {
        "model": "products.productimage",
        "pk": 34,
        "fields": {
            "name": "img2",
            "product": 12,
            "image": "products/images/12/2.jpg.webp"
        }
    },
    {
        "model": "products.sale",
        "pk": 1,
        "fields": {
            "product": 1,
            "salePrice": "1100.00",
            "dateFrom": "2023-11-04",
            "dateTo": "2023-11-20"
        }
    }
]